{
  "type": "FeatureCollection",
  "features": [
    {
      "type": "Feature",
      "id": "layer-50772.7419198",
      "geometry": {
        "type": "MultiPolygon",
        "coordinates": [
          [
            [
              [
                1774652.4963831925,
                5883893.534240998
              ],
              [
                1774652.3895155566,
                5883898.870111967
              ],
              [
                1774537.9694320783,
                5883866.408097964
              ],
              [
                1774540.6966015901,
                5883856.786847352
              ],
              [
                1774534.9165091042,
                5883855.186210151
              ],
              [
                1774424.421106069,
                5883823.819777525
              ],
              [
                1774466.5341645593,
                5883571.0386670595
              ],
              [
                1774470.2153240142,
                5883544.460589827
              ],
              [
                1774475.409578659,
                5883506.828624313
              ],
              [
                1774483.4178148457,
                5883448.708356864
              ],
              [
                1774706.00695442,
                5883509.103156387
              ],
              [
                1774687.9210721015,
                5883624.007081452
              ],
              [
                1774691.1165536265,
                5883624.477254039
              ],
              [
                1774670.9619437046,
                5883755.70806509
              ],
              [
                1774672.1593663024,
                5883760.262047398
              ],
              [
                1774652.4963831925,
                5883893.534240998
              ]
            ]
          ]
        ]
      },
      "geometry_name": "shape",
      "properties": {
        "id": 7419198,
        "appellation": "Lot 2 DP 451133",
        "affected_surveys": "DP 451133",
        "parcel_intent": "Fee Simple Title",
        "topology_type": "Primary",
        "statutory_actions": null,
        "land_district": "North Auckland",
        "titles": "574701",
        "survey_area": 89375,
        "calc_area": 89379
      }
    },
    {
      "type": "Feature",
      "id": "layer-50772.7419197",
      "geometry": {
        "type": "MultiPolygon",
        "coordinates": [
          [
            [
              [
                1774652.4963831925,
                5883893.534240998
              ],
              [
                1774672.1593663024,
                5883760.262047398
              ],
              [
                1774670.9619437046,
                5883755.70806509
              ],
              [
                1774691.1165536265,
                5883624.477254039
              ],
              [
                1774687.9210721015,
                5883624.007081452
              ],
              [
                1774706.00695442,
                5883509.103156387
              ],
              [
                1774875.060671356,
                5883554.933448444
              ],
              [
                1774772.361840298,
                5883932.885897008
              ],
              [
                1774652.3895155566,
                5883898.870111967
              ],
              [
                1774652.4963831925,
                5883893.534240998
              ]
            ]
          ]
        ]
      },
      "geometry_name": "shape",
      "properties": {
        "id": 7419197,
        "appellation": "Lot 1 DP 451133",
        "affected_surveys": "DP 451133",
        "parcel_intent": "Fee Simple Title",
        "topology_type": "Primary",
        "statutory_actions": null,
        "land_district": "North Auckland",
        "titles": "574700",
        "survey_area": 58740,
        "calc_area": 58731
      }
    },
    {
      "type": "Feature",
      "id": "layer-50772.5201479",
      "geometry": {
        "type": "MultiPolygon",
        "coordinates": [
          [
            [
              [
                1774486.5216667212,
                5884283.460584088
              ],
              [
                1774517.4415146676,
                5884177.3879119875
              ],
              [
                1774519.8892317894,
                5884168.989800983
              ],
              [
                1774520.2845332378,
                5884167.634782576
              ],
              [
                1774597.0920564951,
                5883904.0803623805
              ],
              [
                1774774.675486756,
                5883954.542473015
              ],
              [
                1774689.0326120225,
                5884223.214379105
              ],
              [
                1774653.541986906,
                5884334.805095879
              ],
              [
                1774608.0503643781,
                5884320.77489666
              ],
              [
                1774592.0638345252,
                5884315.906123955
              ],
              [
                1774486.5216667212,
                5884283.460584088
              ]
            ]
          ]
        ]
      },
      "geometry_name": "shape",
      "properties": {
        "id": 5201479,
        "appellation": "Part Lot 2 DP 89355",
        "affected_surveys": "DP 451133, DP 89355",
        "parcel_intent": "DCDB",
        "topology_type": "Primary",
        "statutory_actions": null,
        "land_district": "North Auckland",
        "titles": "NA49C/274",
        "survey_area": 71334,
        "calc_area": 71328
      }
    },
    {
      "type": "Feature",
      "id": "layer-50772.5214152",
      "geometry": {
        "type": "MultiPolygon",
        "coordinates": [
          [
            [
              [
                1773726.9893680022,
                5884145.067291731
              ],
              [
                1773727.8933272066,
                5884134.999295316
              ],
              [
                1773728.1904957993,
                5884131.681622109
              ],
              [
                1773728.54764896,
                5884127.683748181
              ],
              [
                1773728.7920868362,
                5884124.966571103
              ],
              [
                1773763.9806712987,
                5884131.286773739
              ],
              [
                1774026.3546643776,
                5884056.104105802
              ],
              [
                1774036.1078398505,
                5884053.319767601
              ],
              [
                1774268.6962284115,
                5883986.64858532
              ],
              [
                1774276.6595807252,
                5883984.370930295
              ],
              [
                1774281.8531413148,
                5883982.883235442
              ],
              [
                1774282.4272564638,
                5883982.654891066
              ],
              [
                1774295.9641789296,
                5883978.796553821
              ],
              [
                1774316.0076321042,
                5883973.086577536
              ],
              [
                1774319.8309843366,
                5883971.988010216
              ],
              [
                1774327.5458236863,
                5883969.720992689
              ],
              [
                1774434.411903982,
                5883938.991821809
              ],
              [
                1774532.1972917519,
                5883864.762892808
              ],
              [
                1774537.9694320783,
                5883866.408097964
              ],
              [
                1774652.3895155566,
                5883898.870111967
              ],
              [
                1774772.361840298,
                5883932.885897008
              ],
              [
                1774874.196092683,
                5883961.863764188
              ],
              [
                1774970.5518433475,
                5883989.263435622
              ],
              [
                1774996.4615229084,
                5883996.633569976
              ],
              [
                1774998.1051533134,
                5883989.389783873
              ],
              [
                1775065.3000784009,
                5884008.457238339
              ],
              [
                1775123.6836790424,
                5884025.028707315
              ],
              [
                1775129.4354666518,
                5884026.679493475
              ],
              [
                1775274.877649733,
                5884067.97279461
              ],
              [
                1775281.3201702414,
                5884069.803347708
              ],
              [
                1775373.981482597,
                5884096.248714625
              ],
              [
                1775433.9858159893,
                5884113.376335056
              ],
              [
                1775432.719187369,
                5884117.596788594
              ],
              [
                1775444.7048411272,
                5884283.547524787
              ],
              [
                1775490.341280652,
                5884338.101036304
              ],
              [
                1775486.121342879,
                5884364.487420567
              ],
              [
                1775472.100697182,
                5884347.642807485
              ],
              [
                1775425.0829157114,
                5884291.449249064
              ],
              [
                1775413.2774473093,
                5884128.441873425
              ],
              [
                1775275.7826261676,
                5884089.316390153
              ],
              [
                1775084.9543042227,
                5884034.999714948
              ],
              [
                1775013.0126150094,
                5884014.567739411
              ],
              [
                1775011.350964102,
                5884021.798960476
              ],
              [
                1774991.868365301,
                5884016.239598875
              ],
              [
                1774988.9793502216,
                5884015.422758327
              ],
              [
                1774986.094736819,
                5884014.603982647
              ],
              [
                1774893.4565097096,
                5883988.298280581
              ],
              [
                1774774.675486756,
                5883954.542473015
              ],
              [
                1774597.0920564951,
                5883904.0803623805
              ],
              [
                1774536.3697559224,
                5883886.850861193
              ],
              [
                1774443.5773313844,
                5883957.2836474655
              ],
              [
                1774426.8948254345,
                5883962.080651642
              ],
              [
                1774282.3849374652,
                5884003.627723636
              ],
              [
                1774275.3942391495,
                5884005.620688257
              ],
              [
                1774268.499252289,
                5884007.5894643655
              ],
              [
                1774261.6057157402,
                5884009.556350881
              ],
              [
                1774124.3935204006,
                5884048.916305604
              ],
              [
                1773877.7854183207,
                5884119.58048283
              ],
              [
                1773836.5169967273,
                5884131.409284993
              ],
              [
                1773833.6603636113,
                5884132.22680199
              ],
              [
                1773765.023661543,
                5884151.900403374
              ],
              [
                1773726.9893680022,
                5884145.067291731
              ]
            ]
          ]
        ]
      },
      "geometry_name": "shape",
      "properties": {
        "id": 5214152,
        "appellation": null,
        "affected_surveys": null,
        "parcel_intent": "Road",
        "topology_type": "Primary",
        "statutory_actions": null,
        "land_district": "North Auckland",
        "titles": null,
        "survey_area": null,
        "calc_area": 41055
      }
    },
    {
      "type": "Feature",
      "id": "layer-50772.4968171",
      "geometry": {
        "type": "MultiPolygon",
        "coordinates": [
          [
            [
              [
                1774653.541986906,
                5884334.805095879
              ],
              [
                1774689.0326120225,
                5884223.214379105
              ],
              [
                1774774.675486756,
                5883954.542473015
              ],
              [
                1774893.4565097096,
                5883988.298280581
              ],
              [
                1774874.305654223,
                5884026.903277754
              ],
              [
                1774829.9447899333,
                5884116.340086832
              ],
              [
                1774797.7291805055,
                5884181.285150039
              ],
              [
                1774794.4608409584,
                5884183.946792259
              ],
              [
                1774781.1613537464,
                5884237.309816617
              ],
              [
                1774749.509466641,
                5884364.311611678
              ],
              [
                1774653.541986906,
                5884334.805095879
              ]
            ]
          ]
        ]
      },
      "geometry_name": "shape",
      "properties": {
        "id": 4968171,
        "appellation": "Lot 1 DP 92154",
        "affected_surveys": "DP 92154",
        "parcel_intent": "DCDB",
        "topology_type": "Primary",
        "statutory_actions": null,
        "land_district": "North Auckland",
        "titles": "NA48D/581",
        "survey_area": 40471,
        "calc_area": 40463
      }
    },
    {
      "type": "Feature",
      "id": "layer-50772.5125604",
      "geometry": {
        "type": "MultiPolygon",
        "coordinates": [
          [
            [
              [
                1774781.1613537464,
                5884237.309816617
              ],
              [
                1774923.027224829,
                5884283.404851595
              ],
              [
                1774925.8905173955,
                5884284.333256182
              ],
              [
                1774988.9793502216,
                5884015.422758327
              ],
              [
                1774991.868365301,
                5884016.239598875
              ],
              [
                1774985.0906954336,
                5884045.059856003
              ],
              [
                1774899.3945888004,
                5884410.359046972
              ],
              [
                1774749.509466641,
                5884364.311611678
              ],
              [
                1774781.1613537464,
                5884237.309816617
              ]
            ]
          ]
        ]
      },
      "geometry_name": "shape",
      "properties": {
        "id": 5125604,
        "appellation": "Lot 1 DP 109069",
        "affected_surveys": "DP 109069",
        "parcel_intent": "DCDB",
        "topology_type": "Primary",
        "statutory_actions": null,
        "land_district": "North Auckland",
        "titles": "NA61B/1142",
        "survey_area": 21010,
        "calc_area": 21006
      }
    },
    {
      "type": "Feature",
      "id": "layer-50772.5015167",
      "geometry": {
        "type": "MultiPolygon",
        "coordinates": [
          [
            [
              [
                1774829.9447899333,
                5884116.340086832
              ],
              [
                1774854.06617968,
                5884144.864148836
              ],
              [
                1774882.3265468145,
                5884170.726895343
              ],
              [
                1774908.5897271067,
                5884203.701900334
              ],
              [
                1774915.3943023705,
                5884238.977598696
              ],
              [
                1774929.2030876805,
                5884257.0910431845
              ],
              [
                1774986.094736819,
                5884014.603982647
              ],
              [
                1774988.9793502216,
                5884015.422758327
              ],
              [
                1774925.8905173955,
                5884284.333256182
              ],
              [
                1774923.027224829,
                5884283.404851595
              ],
              [
                1774781.1613537464,
                5884237.309816617
              ],
              [
                1774794.4608409584,
                5884183.946792259
              ],
              [
                1774797.7291805055,
                5884181.285150039
              ],
              [
                1774829.9447899333,
                5884116.340086832
              ]
            ]
          ]
        ]
      },
      "geometry_name": "shape",
      "properties": {
        "id": 5015167,
        "appellation": "Lot 2 DP 109069",
        "affected_surveys": "DP 109069",
        "parcel_intent": "DCDB",
        "topology_type": "Primary",
        "statutory_actions": null,
        "land_district": "North Auckland",
        "titles": "NA61B/1143",
        "survey_area": 13783,
        "calc_area": 13782
      }
    },
    {
      "type": "Feature",
      "id": "layer-50772.4996348",
      "geometry": {
        "type": "MultiPolygon",
        "coordinates": [
          [
            [
              [
                1774829.9447899333,
                5884116.340086832
              ],
              [
                1774874.305654223,
                5884026.903277754
              ],
              [
                1774893.4565097096,
                5883988.298280581
              ],
              [
                1774986.094736819,
                5884014.603982647
              ],
              [
                1774929.2030876805,
                5884257.0910431845
              ],
              [
                1774915.3943023705,
                5884238.977598696
              ],
              [
                1774908.5897271067,
                5884203.701900334
              ],
              [
                1774882.3265468145,
                5884170.726895343
              ],
              [
                1774854.06617968,
                5884144.864148836
              ],
              [
                1774829.9447899333,
                5884116.340086832
              ]
            ]
          ]
        ]
      },
      "geometry_name": "shape",
      "properties": {
        "id": 4996348,
        "appellation": "Lot 3 DP 109069",
        "affected_surveys": "DP 109069",
        "parcel_intent": "DCDB",
        "topology_type": "Primary",
        "statutory_actions": null,
        "land_district": "North Auckland",
        "titles": "NA61B/1144",
        "survey_area": 21730,
        "calc_area": 21729
      }
    },
    {
      "type": "Feature",
      "id": "layer-50772.8129150",
      "geometry": {
        "type": "MultiPolygon",
        "coordinates": [
          [
            [
              [
                1775084.9543042227,
                5884034.999714948
              ],
              [
                1775275.7826261676,
                5884089.316390153
              ],
              [
                1775160.5119889402,
                5884196.347479274
              ],
              [
                1775149.664315218,
                5884219.378713967
              ],
              [
                1775149.9783273477,
                5884248.763773459
              ],
              [
                1775164.6896041406,
                5884268.031018961
              ],
              [
                1775094.1531238158,
                5884240.031453679
              ],
              [
                1775100.586256572,
                5884236.63968148
              ],
              [
                1775105.048633705,
                5884229.74978748
              ],
              [
                1775109.2743488844,
                5884209.637022703
              ],
              [
                1775082.9161491042,
                5884188.573279253
              ],
              [
                1775070.616468286,
                5884153.844906813
              ],
              [
                1775049.4314123867,
                5884115.495827264
              ],
              [
                1775043.5375773667,
                5884108.654880687
              ],
              [
                1774990.5817241152,
                5884047.840978715
              ],
              [
                1774985.0906954336,
                5884045.059856003
              ],
              [
                1774991.868365301,
                5884016.239598875
              ],
              [
                1775011.350964102,
                5884021.798960476
              ],
              [
                1775013.0126150094,
                5884014.567739411
              ],
              [
                1775084.9543042227,
                5884034.999714948
              ]
            ]
          ]
        ]
      },
      "geometry_name": "shape",
      "properties": {
        "id": 8129150,
        "appellation": "Lot 1 DP 550793",
        "affected_surveys": "DP 550793",
        "parcel_intent": "Fee Simple Title",
        "topology_type": "Primary",
        "statutory_actions": null,
        "land_district": "North Auckland",
        "titles": "950318",
        "survey_area": 30280,
        "calc_area": 30274
      }
    },
    {
      "type": "Feature",
      "id": "layer-50772.5183734",
      "geometry": {
        "type": "MultiPolygon",
        "coordinates": [
          [
            [
              [
                1775570.9702684241,
                5884306.019382362
              ],
              [
                1775490.341280652,
                5884338.101036304
              ],
              [
                1775444.7048411272,
                5884283.547524787
              ],
              [
                1775432.719187369,
                5884117.596788594
              ],
              [
                1775528.668943766,
                5884146.204964016
              ],
              [
                1775558.613930956,
                5884155.133947598
              ],
              [
                1775564.1299133198,
                5884156.75606521
              ],
              [
                1775583.9656786593,
                5884162.671229541
              ],
              [
                1775724.4684910504,
                5884204.544797759
              ],
              [
                1775570.9702684241,
                5884306.019382362
              ]
            ]
          ]
        ]
      },
      "geometry_name": "shape",
      "properties": {
        "id": 5183734,
        "appellation": "Part Allot 51 PSH OF Opaheke",
        "affected_surveys": "SO 865",
        "parcel_intent": "DCDB",
        "topology_type": "Primary",
        "statutory_actions": null,
        "land_district": "North Auckland",
        "titles": "NA552/285",
        "survey_area": 34854,
        "calc_area": 34748
      }
    },
    {
      "type": "Feature",
      "id": "layer-50772.5087548",
      "geometry": {
        "type": "MultiPolygon",
        "coordinates": [
          [
            [
              [
                1775528.668943766,
                5884146.204964016
              ],
              [
                1775539.7473103576,
                5884143.228414853
              ],
              [
                1775550.9757919197,
                5884140.209868134
              ],
              [
                1775558.613930956,
                5884155.133947598
              ],
              [
                1775528.668943766,
                5884146.204964016
              ]
            ]
          ]
        ]
      },
      "geometry_name": "shape",
      "properties": {
        "id": 5087548,
        "appellation": "Lot 6 DP 134388",
        "affected_surveys": "DP 134388",
        "parcel_intent": "DCDB",
        "topology_type": "Primary",
        "statutory_actions": "[Create] Local Purpose (Esplanade) Reserve Vested on DP 134388",
        "land_district": "North Auckland",
        "titles": null,
        "survey_area": 210,
        "calc_area": 189
      }
    },
    {
      "type": "Feature",
      "id": "layer-50772.5265480",
      "geometry": {
        "type": "MultiPolygon",
        "coordinates": [
          [
            [
              [
                1775558.613930956,
                5884155.133947598
              ],
              [
                1775550.9757919197,
                5884140.209868134
              ],
              [
                1775556.0636804597,
                5884138.840138587
              ],
              [
                1775557.9975123159,
                5884140.844100063
              ],
              [
                1775561.713002963,
                5884146.00222149
              ],
              [
                1775564.0723575645,
                5884153.571486318
              ],
              [
                1775564.1299133198,
                5884156.75606521
              ],
              [
                1775558.613930956,
                5884155.133947598
              ]
            ]
          ]
        ]
      },
      "geometry_name": "shape",
      "properties": {
        "id": 5265480,
        "appellation": null,
        "affected_surveys": null,
        "parcel_intent": "Hydro",
        "topology_type": "Primary",
        "statutory_actions": null,
        "land_district": "North Auckland",
        "titles": null,
        "survey_area": null,
        "calc_area": 113
      }
    },
    {
      "type": "Feature",
      "id": "layer-50772.4691924",
      "geometry": {
        "type": "MultiPolygon",
        "coordinates": [
          [
            [
              [
                1775564.1299133198,
                5884156.75606521
              ],
              [
                1775564.0723575645,
                5884153.571486318
              ],
              [
                1775561.713002963,
                5884146.00222149
              ],
              [
                1775557.9975123159,
                5884140.844100063
              ],
              [
                1775556.0636804597,
                5884138.840138587
              ],
              [
                1775578.3705022498,
                5884132.844968465
              ],
              [
                1775584.1051112826,
                5884144.874572945
              ],
              [
                1775583.9656786593,
                5884162.671229541
              ],
              [
                1775564.1299133198,
                5884156.75606521
              ]
            ]
          ]
        ]
      },
      "geometry_name": "shape",
      "properties": {
        "id": 4691924,
        "appellation": "Lot 5 DP 134388",
        "affected_surveys": "DP 134388",
        "parcel_intent": "DCDB",
        "topology_type": "Primary",
        "statutory_actions": "[Create] Local Purpose (Esplanade) Reserve Vested on DP 134388",
        "land_district": "North Auckland",
        "titles": null,
        "survey_area": 530,
        "calc_area": 529
      }
    },
    {
      "type": "Feature",
      "id": "layer-50772.4930069",
      "geometry": {
        "type": "MultiPolygon",
        "coordinates": [
          [
            [
              [
                1775731.127292602,
                5883993.9738242235
              ],
              [
                1775744.0785227104,
                5884005.617669978
              ],
              [
                1775744.7959693507,
                5884028.202884038
              ],
              [
                1775732.9842438146,
                5884051.347611898
              ],
              [
                1775713.432005525,
                5884082.472262531
              ],
              [
                1775717.0214552456,
                5884100.024572025
              ],
              [
                1775703.9233203987,
                5884116.4471321115
              ],
              [
                1775683.0714696131,
                5884123.910816877
              ],
              [
                1775667.8155432662,
                5884123.565125282
              ],
              [
                1775672.351539071,
                5884107.602575221
              ],
              [
                1775673.623150269,
                5884103.130364455
              ],
              [
                1775675.2234215094,
                5884103.692676234
              ],
              [
                1775677.3715319776,
                5884104.188049402
              ],
              [
                1775685.0754174865,
                5884103.388950118
              ],
              [
                1775689.5251192565,
                5884099.888262791
              ],
              [
                1775693.6541983823,
                5884094.220453086
              ],
              [
                1775693.9045314977,
                5884092.6667362945
              ],
              [
                1775695.8400329049,
                5884087.871705926
              ],
              [
                1775696.3141093627,
                5884085.547397617
              ],
              [
                1775697.5721160877,
                5884083.260369374
              ],
              [
                1775697.8084275764,
                5884082.099162745
              ],
              [
                1775698.1356964724,
                5884072.531273331
              ],
              [
                1775698.8116353287,
                5884070.019595262
              ],
              [
                1775699.0808799143,
                5884067.882718115
              ],
              [
                1775707.327862997,
                5884056.935849519
              ],
              [
                1775707.761258669,
                5884055.783470209
              ],
              [
                1775708.5748163275,
                5884055.041256464
              ],
              [
                1775709.0004217671,
                5884054.0832948135
              ],
              [
                1775710.023671546,
                5884052.961157414
              ],
              [
                1775710.455583851,
                5884051.808808897
              ],
              [
                1775718.6226886571,
                5884043.205745487
              ],
              [
                1775723.38367977,
                5884036.394346536
              ],
              [
                1775724.1482505426,
                5884029.832915819
              ],
              [
                1775724.4990037596,
                5884018.697548476
              ],
              [
                1775723.0882026015,
                5884013.737428211
              ],
              [
                1775721.9729459104,
                5884011.729363955
              ],
              [
                1775721.5539743488,
                5884011.303347898
              ],
              [
                1775731.127292602,
                5883993.9738242235
              ]
            ]
          ]
        ]
      },
      "geometry_name": "shape",
      "properties": {
        "id": 4930069,
        "appellation": "Lot 3 DP 134388",
        "affected_surveys": "DP 134388",
        "parcel_intent": "DCDB",
        "topology_type": "Primary",
        "statutory_actions": "[Create] Local Purpose (Esplanade) Reserve Vested on DP 134388",
        "land_district": "North Auckland",
        "titles": null,
        "survey_area": 3110,
        "calc_area": 2816
      }
    },
    {
      "type": "Feature",
      "id": "layer-50772.4826197",
      "geometry": {
        "type": "MultiPolygon",
        "coordinates": [
          [
            [
              [
                1775676.3811829197,
                5884093.341543247
              ],
              [
                1775690.2455805424,
                5884044.625231174
              ],
              [
                1775698.9264539476,
                5884017.731136893
              ],
              [
                1775699.2590059417,
                5884017.775998413
              ],
              [
                1775700.4468448192,
                5884017.588388812
              ],
              [
                1775703.614796138,
                5884018.005104957
              ],
              [
                1775704.8101667282,
                5884018.603615462
              ],
              [
                1775707.9985863296,
                5884021.772774743
              ],
              [
                1775708.011859523,
                5884023.542993977
              ],
              [
                1775708.4193033555,
                5884025.118120397
              ],
              [
                1775708.0293615127,
                5884026.295500635
              ],
              [
                1775708.2482729058,
                5884029.051194538
              ],
              [
                1775707.2914120122,
                5884033.564949316
              ],
              [
                1775706.115716059,
                5884035.326693704
              ],
              [
                1775704.5412435073,
                5884036.495494962
              ],
              [
                1775700.2268366385,
                5884042.361426105
              ],
              [
                1775700.035645038,
                5884043.344097343
              ],
              [
                1775699.0511378956,
                5884044.123169386
              ],
              [
                1775697.4895867375,
                5884047.258304372
              ],
              [
                1775695.9185102168,
                5884049.015359334
              ],
              [
                1775693.2055018074,
                5884057.058661711
              ],
              [
                1775687.73586122,
                5884067.440625166
              ],
              [
                1775686.3856370705,
                5884072.543489252
              ],
              [
                1775686.248243435,
                5884080.995530757
              ],
              [
                1775684.893443018,
                5884085.312223159
              ],
              [
                1775680.972420313,
                5884090.59272508
              ],
              [
                1775679.3930142743,
                5884091.17145476
              ],
              [
                1775676.8310468297,
                5884093.119392523
              ],
              [
                1775676.3811829197,
                5884093.341543247
              ]
            ]
          ]
        ]
      },
      "geometry_name": "shape",
      "properties": {
        "id": 4826197,
        "appellation": "Lot 4 DP 134388",
        "affected_surveys": "DP 134388",
        "parcel_intent": "DCDB",
        "topology_type": "Primary",
        "statutory_actions": "[Create] Local Purpose (Esplanade) Reserve Vested on DP 134388",
        "land_district": "North Auckland",
        "titles": null,
        "survey_area": 600,
        "calc_area": 561
      }
    },
    {
      "type": "Feature",
      "id": "layer-50772.5264995",
      "geometry": {
        "type": "MultiPolygon",
        "coordinates": [
          [
            [
              [
                1775673.623150269,
                5884103.130364455
              ],
              [
                1775676.3811829197,
                5884093.341543247
              ],
              [
                1775676.8310468297,
                5884093.119392523
              ],
              [
                1775679.3930142743,
                5884091.17145476
              ],
              [
                1775680.972420313,
                5884090.59272508
              ],
              [
                1775684.893443018,
                5884085.312223159
              ],
              [
                1775686.248243435,
                5884080.995530757
              ],
              [
                1775686.3856370705,
                5884072.543489252
              ],
              [
                1775687.73586122,
                5884067.440625166
              ],
              [
                1775693.2055018074,
                5884057.058661711
              ],
              [
                1775695.9185102168,
                5884049.015359334
              ],
              [
                1775697.4895867375,
                5884047.258304372
              ],
              [
                1775699.0511378956,
                5884044.123169386
              ],
              [
                1775700.035645038,
                5884043.344097343
              ],
              [
                1775700.2268366385,
                5884042.361426105
              ],
              [
                1775704.5412435073,
                5884036.495494962
              ],
              [
                1775706.115716059,
                5884035.326693704
              ],
              [
                1775707.2914120122,
                5884033.564949316
              ],
              [
                1775708.2482729058,
                5884029.051194538
              ],
              [
                1775708.0293615127,
                5884026.295500635
              ],
              [
                1775708.4193033555,
                5884025.118120397
              ],
              [
                1775708.011859523,
                5884023.542993977
              ],
              [
                1775707.9985863296,
                5884021.772774743
              ],
              [
                1775704.8101667282,
                5884018.603615462
              ],
              [
                1775703.614796138,
                5884018.005104957
              ],
              [
                1775700.4468448192,
                5884017.588388812
              ],
              [
                1775699.2590059417,
                5884017.775998413
              ],
              [
                1775698.9264539476,
                5884017.731136893
              ],
              [
                1775701.7707815277,
                5884004.06648837
              ],
              [
                1775703.4193180231,
                5884005.523213302
              ],
              [
                1775705.8130421506,
                5884006.722014393
              ],
              [
                1775707.0470119263,
                5884006.8294519875
              ],
              [
                1775709.3341192661,
                5884006.041672469
              ],
              [
                1775713.134101741,
                5884004.893000394
              ],
              [
                1775718.3798183906,
                5884007.824941349
              ],
              [
                1775721.5539743488,
                5884011.303347898
              ],
              [
                1775721.9729459104,
                5884011.729363955
              ],
              [
                1775723.0882026015,
                5884013.737428211
              ],
              [
                1775724.4990037596,
                5884018.697548476
              ],
              [
                1775724.1482505426,
                5884029.832915819
              ],
              [
                1775723.38367977,
                5884036.394346536
              ],
              [
                1775718.6226886571,
                5884043.205745487
              ],
              [
                1775710.455583851,
                5884051.808808897
              ],
              [
                1775710.023671546,
                5884052.961157414
              ],
              [
                1775709.0004217671,
                5884054.0832948135
              ],
              [
                1775708.5748163275,
                5884055.041256464
              ],
              [
                1775707.761258669,
                5884055.783470209
              ],
              [
                1775707.327862997,
                5884056.935849519
              ],
              [
                1775699.0808799143,
                5884067.882718115
              ],
              [
                1775698.8116353287,
                5884070.019595262
              ],
              [
                1775698.1356964724,
                5884072.531273331
              ],
              [
                1775697.8084275764,
                5884082.099162745
              ],
              [
                1775697.5721160877,
                5884083.260369374
              ],
              [
                1775696.3141093627,
                5884085.547397617
              ],
              [
                1775695.8400329049,
                5884087.871705926
              ],
              [
                1775693.9045314977,
                5884092.6667362945
              ],
              [
                1775693.6541983823,
                5884094.220453086
              ],
              [
                1775689.5251192565,
                5884099.888262791
              ],
              [
                1775685.0754174865,
                5884103.388950118
              ],
              [
                1775677.3715319776,
                5884104.188049402
              ],
              [
                1775675.2234215094,
                5884103.692676234
              ],
              [
                1775673.623150269,
                5884103.130364455
              ]
            ]
          ]
        ]
      },
      "geometry_name": "shape",
      "properties": {
        "id": 5264995,
        "appellation": null,
        "affected_surveys": null,
        "parcel_intent": "Hydro",
        "topology_type": "Primary",
        "statutory_actions": null,
        "land_district": "North Auckland",
        "titles": null,
        "survey_area": null,
        "calc_area": 1532
      }
    },
    {
      "type": "Feature",
      "id": "layer-50772.5030797",
      "geometry": {
        "type": "MultiPolygon",
        "coordinates": [
          [
            [
              [
                1775583.9656786593,
                5884162.671229541
              ],
              [
                1775584.1051112826,
                5884144.874572945
              ],
              [
                1775578.3705022498,
                5884132.844968465
              ],
              [
                1775672.351539071,
                5884107.602575221
              ],
              [
                1775667.8155432662,
                5884123.565125282
              ],
              [
                1775683.0714696131,
                5884123.910816877
              ],
              [
                1775703.9233203987,
                5884116.4471321115
              ],
              [
                1775717.0214552456,
                5884100.024572025
              ],
              [
                1775713.432005525,
                5884082.472262531
              ],
              [
                1775732.9842438146,
                5884051.347611898
              ],
              [
                1775744.7959693507,
                5884028.202884038
              ],
              [
                1775744.0785227104,
                5884005.617669978
              ],
              [
                1775731.127292602,
                5883993.9738242235
              ],
              [
                1775752.984038439,
                5883954.403617774
              ],
              [
                1775778.0352306422,
                5883945.444125733
              ],
              [
                1775770.9182250975,
                5883929.46961124
              ],
              [
                1775793.7749426956,
                5883939.837125571
              ],
              [
                1775860.022951148,
                5883969.890758294
              ],
              [
                1775837.9792681294,
                5884018.489729569
              ],
              [
                1775836.84038124,
                5884017.9733093865
              ],
              [
                1775792.5754407803,
                5884114.434703268
              ],
              [
                1775785.3156994528,
                5884127.566297091
              ],
              [
                1775768.6961864615,
                5884154.718811707
              ],
              [
                1775727.6735882272,
                5884202.128305732
              ],
              [
                1775724.4684910504,
                5884204.544797759
              ],
              [
                1775583.9656786593,
                5884162.671229541
              ]
            ]
          ]
        ]
      },
      "geometry_name": "shape",
      "properties": {
        "id": 5030797,
        "appellation": "Lot 1 DP 134388",
        "affected_surveys": "DP 134388",
        "parcel_intent": "DCDB",
        "topology_type": "Primary",
        "statutory_actions": null,
        "land_district": "North Auckland",
        "titles": "NA79B/430",
        "survey_area": 28431,
        "calc_area": 28421
      }
    },
    {
      "type": "Feature",
      "id": "layer-50772.5226243",
      "geometry": {
        "type": "MultiPolygon",
        "coordinates": [
          [
            [
              [
                1775570.9702684241,
                5884306.019382362
              ],
              [
                1775724.4684910504,
                5884204.544797759
              ],
              [
                1775727.6735882272,
                5884202.128305732
              ],
              [
                1775768.6961864615,
                5884154.718811707
              ],
              [
                1775785.3156994528,
                5884127.566297091
              ],
              [
                1775792.5754407803,
                5884114.434703268
              ],
              [
                1775836.84038124,
                5884017.9733093865
              ],
              [
                1775837.9792681294,
                5884018.489729569
              ],
              [
                1775860.022951148,
                5883969.890758294
              ],
              [
                1775876.4236352737,
                5883933.718054477
              ],
              [
                1775874.92509838,
                5883924.776632613
              ],
              [
                1775897.970218598,
                5883874.038291775
              ],
              [
                1775902.8776505531,
                5883875.376890977
              ],
              [
                1775919.490393325,
                5883838.744530839
              ],
              [
                1775934.8097916993,
                5883767.805893143
              ],
              [
                1775958.8793273543,
                5883800.287166183
              ],
              [
                1775930.4750398486,
                5883863.172354809
              ],
              [
                1775899.366912203,
                5883931.788037783
              ],
              [
                1775904.0085521915,
                5883933.724218005
              ],
              [
                1775894.6355754398,
                5883954.385418212
              ],
              [
                1775890.685041157,
                5883952.579090362
              ],
              [
                1775855.8232646221,
                5884032.173520413
              ],
              [
                1775822.7341401326,
                5884107.717974645
              ],
              [
                1775819.818475322,
                5884118.174321587
              ],
              [
                1775801.7315871096,
                5884149.490562178
              ],
              [
                1775790.7065324206,
                5884173.3719087
              ],
              [
                1775786.3583966258,
                5884182.798084493
              ],
              [
                1775785.0709090834,
                5884185.58709781
              ],
              [
                1775784.6105907941,
                5884186.584639334
              ],
              [
                1775783.063513252,
                5884188.215397654
              ],
              [
                1775781.609985785,
                5884191.418600555
              ],
              [
                1775777.3663514715,
                5884194.224959218
              ],
              [
                1775774.9297810025,
                5884196.7900693575
              ],
              [
                1775741.3975819903,
                5884219.994384716
              ],
              [
                1775698.672421028,
                5884259.626512395
              ],
              [
                1775683.640734815,
                5884274.714806837
              ],
              [
                1775670.887015056,
                5884281.979771928
              ],
              [
                1775630.1208267324,
                5884305.19770676
              ],
              [
                1775515.885981651,
                5884370.556485319
              ],
              [
                1775490.341280652,
                5884338.101036304
              ],
              [
                1775570.9702684241,
                5884306.019382362
              ]
            ]
          ]
        ]
      },
      "geometry_name": "shape",
      "properties": {
        "id": 5226243,
        "appellation": null,
        "affected_surveys": null,
        "parcel_intent": "Road",
        "topology_type": "Primary",
        "statutory_actions": null,
        "land_district": "North Auckland",
        "titles": null,
        "survey_area": null,
        "calc_area": 20620
      }
    },
    {
      "type": "Feature",
      "id": "layer-50772.4950496",
      "geometry": {
        "type": "MultiPolygon",
        "coordinates": [
          [
            [
              [
                1775373.981482597,
                5884096.248714625
              ],
              [
                1775406.801951624,
                5883984.976397927
              ],
              [
                1775512.2847480685,
                5883951.57961321
              ],
              [
                1775668.2324927717,
                5884033.11868853
              ],
              [
                1775690.2455805424,
                5884044.625231174
              ],
              [
                1775676.3811829197,
                5884093.341543247
              ],
              [
                1775673.623150269,
                5884103.130364455
              ],
              [
                1775672.351539071,
                5884107.602575221
              ],
              [
                1775578.3705022498,
                5884132.844968465
              ],
              [
                1775556.0636804597,
                5884138.840138587
              ],
              [
                1775550.9757919197,
                5884140.209868134
              ],
              [
                1775539.7473103576,
                5884143.228414853
              ],
              [
                1775528.668943766,
                5884146.204964016
              ],
              [
                1775432.719187369,
                5884117.596788594
              ],
              [
                1775433.9858159893,
                5884113.376335056
              ],
              [
                1775373.981482597,
                5884096.248714625
              ]
            ]
          ]
        ]
      },
      "geometry_name": "shape",
      "properties": {
        "id": 4950496,
        "appellation": "Lot 1 DP 62068",
        "affected_surveys": "DP 62068",
        "parcel_intent": "DCDB",
        "topology_type": "Primary",
        "statutory_actions": null,
        "land_district": "North Auckland",
        "titles": "NA18C/26",
        "survey_area": 40747,
        "calc_area": 40744
      }
    },
    {
      "type": "Feature",
      "id": "layer-50772.5183083",
      "geometry": {
        "type": "MultiPolygon",
        "coordinates": [
          [
            [
              [
                1775373.981482597,
                5884096.248714625
              ],
              [
                1775281.3201702414,
                5884069.803347708
              ],
              [
                1775336.5937630895,
                5883865.955471481
              ],
              [
                1775381.861875082,
                5883825.054800297
              ],
              [
                1775375.6577054872,
                5883867.894251673
              ],
              [
                1775472.6196778931,
                5883869.509991
              ],
              [
                1775545.897711679,
                5883906.301570025
              ],
              [
                1775614.7975988784,
                5883957.222094889
              ],
              [
                1775637.803355657,
                5883968.42498622
              ],
              [
                1775702.8920322696,
                5884000.122831325
              ],
              [
                1775701.7707815277,
                5884004.06648837
              ],
              [
                1775698.9264539476,
                5884017.731136893
              ],
              [
                1775690.2455805424,
                5884044.625231174
              ],
              [
                1775668.2324927717,
                5884033.11868853
              ],
              [
                1775512.2847480685,
                5883951.57961321
              ],
              [
                1775406.801951624,
                5883984.976397927
              ],
              [
                1775373.981482597,
                5884096.248714625
              ]
            ]
          ]
        ]
      },
      "geometry_name": "shape",
      "properties": {
        "id": 5183083,
        "appellation": "Lot 2 DP 62068",
        "affected_surveys": "DP 62068",
        "parcel_intent": "DCDB",
        "topology_type": "Primary",
        "statutory_actions": null,
        "land_district": "North Auckland",
        "titles": "NA18C/27",
        "survey_area": 40967,
        "calc_area": 40989
      }
    },
    {
      "type": "Feature",
      "id": "layer-50772.5127615",
      "geometry": {
        "type": "MultiPolygon",
        "coordinates": [
          [
            [
              [
                1775793.7749426956,
                5883939.837125571
              ],
              [
                1775806.5008550663,
                5883911.785350111
              ],
              [
                1775876.4236352737,
                5883933.718054477
              ],
              [
                1775860.022951148,
                5883969.890758294
              ],
              [
                1775793.7749426956,
                5883939.837125571
              ]
            ]
          ]
        ]
      },
      "geometry_name": "shape",
      "properties": {
        "id": 5127615,
        "appellation": "Lot 1 DP 184681",
        "affected_surveys": "DP 184681",
        "parcel_intent": "DCDB",
        "topology_type": "Primary",
        "statutory_actions": null,
        "land_district": "North Auckland",
        "titles": "NA115B/517",
        "survey_area": 2565,
        "calc_area": 2565
      }
    },
    {
      "type": "Feature",
      "id": "layer-50772.5127711",
      "geometry": {
        "type": "MultiPolygon",
        "coordinates": [
          [
            [
              [
                1775755.3177583357,
                5883835.285687828
              ],
              [
                1775771.9563404312,
                5883798.660501248
              ],
              [
                1775919.490393325,
                5883838.744530839
              ],
              [
                1775902.8776505531,
                5883875.376890977
              ],
              [
                1775897.970218598,
                5883874.038291775
              ],
              [
                1775874.8049772724,
                5883867.749468981
              ],
              [
                1775755.3177583357,
                5883835.285687828
              ]
            ]
          ]
        ]
      },
      "geometry_name": "shape",
      "properties": {
        "id": 5127711,
        "appellation": "Lot 2 DP 22382",
        "affected_surveys": "DP 51438",
        "parcel_intent": "Fee Simple Title",
        "topology_type": "Primary",
        "statutory_actions": null,
        "land_district": "North Auckland",
        "titles": "NA497/164",
        "survey_area": 6070,
        "calc_area": 6071
      }
    },
    {
      "type": "Feature",
      "id": "layer-50772.4998653",
      "geometry": {
        "type": "MultiPolygon",
        "coordinates": [
          [
            [
              [
                1775538.833723361,
                5883810.882920168
              ],
              [
                1775620.6437389792,
                5883757.55021949
              ],
              [
                1775771.9563404312,
                5883798.660501248
              ],
              [
                1775755.3177583357,
                5883835.285687828
              ],
              [
                1775874.8049772724,
                5883867.749468981
              ],
              [
                1775853.3460290888,
                5883914.982050178
              ],
              [
                1775859.391709189,
                5883917.726973225
              ],
              [
                1775874.92509838,
                5883924.776632613
              ],
              [
                1775876.4236352737,
                5883933.718054477
              ],
              [
                1775806.5008550663,
                5883911.785350111
              ],
              [
                1775793.7749426956,
                5883939.837125571
              ],
              [
                1775770.9182250975,
                5883929.46961124
              ],
              [
                1775585.5602770054,
                5883845.393742853
              ],
              [
                1775538.833723361,
                5883810.882920168
              ]
            ]
          ]
        ]
      },
      "geometry_name": "shape",
      "properties": {
        "id": 4998653,
        "appellation": "Lot 2 DP 184681",
        "affected_surveys": "DP 184681",
        "parcel_intent": "DCDB",
        "topology_type": "Primary",
        "statutory_actions": null,
        "land_district": "North Auckland",
        "titles": "NA115B/518",
        "survey_area": 28696,
        "calc_area": 28694
      }
    },
    {
      "type": "Feature",
      "id": "layer-50772.4721320",
      "geometry": {
        "type": "MultiPolygon",
        "coordinates": [
          [
            [
              [
                1775538.833723361,
                5883810.882920168
              ],
              [
                1775585.5602770054,
                5883845.393742853
              ],
              [
                1775770.9182250975,
                5883929.46961124
              ],
              [
                1775778.0352306422,
                5883945.444125733
              ],
              [
                1775752.984038439,
                5883954.403617774
              ],
              [
                1775731.127292602,
                5883993.9738242235
              ],
              [
                1775721.5539743488,
                5884011.303347898
              ],
              [
                1775718.3798183906,
                5884007.824941349
              ],
              [
                1775713.134101741,
                5884004.893000394
              ],
              [
                1775709.3341192661,
                5884006.041672469
              ],
              [
                1775707.0470119263,
                5884006.8294519875
              ],
              [
                1775705.8130421506,
                5884006.722014393
              ],
              [
                1775703.4193180231,
                5884005.523213302
              ],
              [
                1775701.7707815277,
                5884004.06648837
              ],
              [
                1775702.8920322696,
                5884000.122831325
              ],
              [
                1775637.803355657,
                5883968.42498622
              ],
              [
                1775614.7975988784,
                5883957.222094889
              ],
              [
                1775545.897711679,
                5883906.301570025
              ],
              [
                1775472.6196778931,
                5883869.509991
              ],
              [
                1775375.6577054872,
                5883867.894251673
              ],
              [
                1775381.861875082,
                5883825.054800297
              ],
              [
                1775336.5937630895,
                5883865.955471481
              ],
              [
                1775281.3201702414,
                5884069.803347708
              ],
              [
                1775274.877649733,
                5884067.97279461
              ],
              [
                1775333.3677056483,
                5883852.160315809
              ],
              [
                1775350.2422469999,
                5883789.902487439
              ],
              [
                1775354.2282107798,
                5883775.233667345
              ],
              [
                1775367.8888258599,
                5883724.85344603
              ],
              [
                1775376.9816056238,
                5883691.342754456
              ],
              [
                1775538.833723361,
                5883810.882920168
              ]
            ]
          ]
        ]
      },
      "geometry_name": "shape",
      "properties": {
        "id": 4721320,
        "appellation": "Lot 2 DP 134388",
        "affected_surveys": "DP 134388",
        "parcel_intent": "DCDB",
        "topology_type": "Primary",
        "statutory_actions": null,
        "land_district": "North Auckland",
        "titles": "NA115D/318",
        "survey_area": 45355,
        "calc_area": 45351
      }
    },
    {
      "type": "Feature",
      "id": "layer-50772.6930736",
      "geometry": {
        "type": "MultiPolygon",
        "coordinates": [
          [
            [
              [
                1775129.4354666518,
                5884026.679493475
              ],
              [
                1775123.6836790424,
                5884025.028707315
              ],
              [
                1775136.6487747214,
                5883977.3460107865
              ],
              [
                1775144.2822740218,
                5883949.271857261
              ],
              [
                1775170.505111707,
                5883852.779123409
              ],
              [
                1775199.87150985,
                5883744.763495016
              ],
              [
                1775219.6969173986,
                5883671.832666748
              ],
              [
                1775225.5876857596,
                5883650.169932737
              ],
              [
                1775376.9816056238,
                5883691.342754456
              ],
              [
                1775367.8888258599,
                5883724.85344603
              ],
              [
                1775317.9289253086,
                5883704.535803913
              ],
              [
                1775263.1372865282,
                5883707.810390222
              ],
              [
                1775255.2239899233,
                5883731.2321117995
              ],
              [
                1775255.4223672163,
                5883733.719988699
              ],
              [
                1775258.2019383444,
                5883768.091409635
              ],
              [
                1775259.745093527,
                5883787.238665716
              ],
              [
                1775256.7275282447,
                5883789.203369983
              ],
              [
                1775272.574765585,
                5883837.655223841
              ],
              [
                1775265.8787633912,
                5883848.948619197
              ],
              [
                1775260.8597312658,
                5883853.262001636
              ],
              [
                1775253.342087785,
                5883857.590435369
              ],
              [
                1775242.5221879503,
                5883860.309632671
              ],
              [
                1775230.7424384083,
                5883861.794486524
              ],
              [
                1775224.776399104,
                5883871.035734738
              ],
              [
                1775207.3760733122,
                5883897.99982759
              ],
              [
                1775168.3514811418,
                5883939.270881909
              ],
              [
                1775150.5465478408,
                5883962.815124107
              ],
              [
                1775143.2524482482,
                5883975.828438551
              ],
              [
                1775129.4354666518,
                5884026.679493475
              ]
            ]
          ]
        ]
      },
      "geometry_name": "shape",
      "properties": {
        "id": 6930736,
        "appellation": "Lot 2 DP 375240",
        "affected_surveys": "DP 375240",
        "parcel_intent": "Fee Simple Title",
        "topology_type": "Primary",
        "statutory_actions": null,
        "land_district": "North Auckland",
        "titles": "303310",
        "survey_area": 21610,
        "calc_area": 21617
      }
    },
    {
      "type": "Feature",
      "id": "layer-50772.6930735",
      "geometry": {
        "type": "MultiPolygon",
        "coordinates": [
          [
            [
              [
                1775129.4354666518,
                5884026.679493475
              ],
              [
                1775143.2524482482,
                5883975.828438551
              ],
              [
                1775150.5465478408,
                5883962.815124107
              ],
              [
                1775168.3514811418,
                5883939.270881909
              ],
              [
                1775207.3760733122,
                5883897.99982759
              ],
              [
                1775224.776399104,
                5883871.035734738
              ],
              [
                1775230.7424384083,
                5883861.794486524
              ],
              [
                1775242.5221879503,
                5883860.309632671
              ],
              [
                1775253.342087785,
                5883857.590435369
              ],
              [
                1775260.8597312658,
                5883853.262001636
              ],
              [
                1775265.8787633912,
                5883848.948619197
              ],
              [
                1775272.574765585,
                5883837.655223841
              ],
              [
                1775256.7275282447,
                5883789.203369983
              ],
              [
                1775259.745093527,
                5883787.238665716
              ],
              [
                1775258.2019383444,
                5883768.091409635
              ],
              [
                1775255.4223672163,
                5883733.719988699
              ],
              [
                1775255.2239899233,
                5883731.2321117995
              ],
              [
                1775263.1372865282,
                5883707.810390222
              ],
              [
                1775317.9289253086,
                5883704.535803913
              ],
              [
                1775367.8888258599,
                5883724.85344603
              ],
              [
                1775354.2282107798,
                5883775.233667345
              ],
              [
                1775350.2422469999,
                5883789.902487439
              ],
              [
                1775333.3677056483,
                5883852.160315809
              ],
              [
                1775274.877649733,
                5884067.97279461
              ],
              [
                1775129.4354666518,
                5884026.679493475
              ]
            ]
          ]
        ]
      },
      "geometry_name": "shape",
      "properties": {
        "id": 6930735,
        "appellation": "Lot 1 DP 375240",
        "affected_surveys": "DP 375240, DP 463727",
        "parcel_intent": "Fee Simple Title",
        "topology_type": "Primary",
        "statutory_actions": null,
        "land_district": "North Auckland",
        "titles": "303309",
        "survey_area": 39520,
        "calc_area": 39519
      }
    },
    {
      "type": "Feature",
      "id": "layer-50772.4759382",
      "geometry": {
        "type": "MultiPolygon",
        "coordinates": [
          [
            [
              [
                1775065.3000784009,
                5884008.457238339
              ],
              [
                1775076.0247936784,
                5883968.136333315
              ],
              [
                1775136.6487747214,
                5883977.3460107865
              ],
              [
                1775123.6836790424,
                5884025.028707315
              ],
              [
                1775065.3000784009,
                5884008.457238339
              ]
            ]
          ]
        ]
      },
      "geometry_name": "shape",
      "properties": {
        "id": 4759382,
        "appellation": "Lot 1 DP 197745",
        "affected_surveys": "DP 197745",
        "parcel_intent": "DCDB",
        "topology_type": "Primary",
        "statutory_actions": null,
        "land_district": "North Auckland",
        "titles": "NA126D/811",
        "survey_area": 2771,
        "calc_area": 2771
      }
    },
    {
      "type": "Feature",
      "id": "layer-50772.5194949",
      "geometry": {
        "type": "MultiPolygon",
        "coordinates": [
          [
            [
              [
                1774874.196092683,
                5883961.863764188
              ],
              [
                1774876.870319647,
                5883947.28908768
              ],
              [
                1774913.523838581,
                5883814.393785317
              ],
              [
                1774917.2974796335,
                5883800.726797549
              ],
              [
                1774952.470340618,
                5883807.575153922
              ],
              [
                1774957.5855159527,
                5883838.851023201
              ],
              [
                1775007.8736775066,
                5883851.90255369
              ],
              [
                1774970.5518433475,
                5883989.263435622
              ],
              [
                1774874.196092683,
                5883961.863764188
              ]
            ]
          ]
        ]
      },
      "geometry_name": "shape",
      "properties": {
        "id": 5194949,
        "appellation": "Lot 1 DP 159974",
        "affected_surveys": "DP 159974",
        "parcel_intent": "DCDB",
        "topology_type": "Primary",
        "statutory_actions": null,
        "land_district": "North Auckland",
        "titles": "NA96A/870",
        "survey_area": 15460,
        "calc_area": 15465
      }
    },
    {
      "type": "Feature",
      "id": "layer-50772.4756920",
      "geometry": {
        "type": "MultiPolygon",
        "coordinates": [
          [
            [
              [
                1775065.3000784009,
                5884008.457238339
              ],
              [
                1774998.1051533134,
                5883989.389783873
              ],
              [
                1774996.4615229084,
                5883996.633569976
              ],
              [
                1774970.5518433475,
                5883989.263435622
              ],
              [
                1775007.8736775066,
                5883851.90255369
              ],
              [
                1775040.9660153615,
                5883730.117946025
              ],
              [
                1775057.3035692982,
                5883669.997669521
              ],
              [
                1775073.8896725008,
                5883608.958242193
              ],
              [
                1775225.5876857596,
                5883650.169932737
              ],
              [
                1775219.6969173986,
                5883671.832666748
              ],
              [
                1775199.87150985,
                5883744.763495016
              ],
              [
                1775170.505111707,
                5883852.779123409
              ],
              [
                1775144.2822740218,
                5883949.271857261
              ],
              [
                1775136.6487747214,
                5883977.3460107865
              ],
              [
                1775076.0247936784,
                5883968.136333315
              ],
              [
                1775065.3000784009,
                5884008.457238339
              ]
            ]
          ]
        ]
      },
      "geometry_name": "shape",
      "properties": {
        "id": 4756920,
        "appellation": "Lot 2 DP 197745",
        "affected_surveys": "DP 197745",
        "parcel_intent": "DCDB",
        "topology_type": "Primary",
        "statutory_actions": null,
        "land_district": "North Auckland",
        "titles": "NA126D/812",
        "survey_area": 58350,
        "calc_area": 58345
      }
    },
    {
      "type": "Feature",
      "id": "layer-50772.4738103",
      "geometry": {
        "type": "MultiPolygon",
        "coordinates": [
          [
            [
              [
                1774875.060671356,
                5883554.933448444
              ],
              [
                1775073.8896725008,
                5883608.958242193
              ],
              [
                1775057.3035692982,
                5883669.997669521
              ],
              [
                1775040.9660153615,
                5883730.117946025
              ],
              [
                1775007.8736775066,
                5883851.90255369
              ],
              [
                1774957.5855159527,
                5883838.851023201
              ],
              [
                1774952.470340618,
                5883807.575153922
              ],
              [
                1774917.2974796335,
                5883800.726797549
              ],
              [
                1774913.523838581,
                5883814.393785317
              ],
              [
                1774876.870319647,
                5883947.28908768
              ],
              [
                1774874.196092683,
                5883961.863764188
              ],
              [
                1774772.361840298,
                5883932.885897008
              ],
              [
                1774875.060671356,
                5883554.933448444
              ]
            ]
          ]
        ]
      },
      "geometry_name": "shape",
      "properties": {
        "id": 4738103,
        "appellation": "Lot 2 DP 159974",
        "affected_surveys": "DP 159974",
        "parcel_intent": "DCDB",
        "topology_type": "Primary",
        "statutory_actions": null,
        "land_district": "North Auckland",
        "titles": "NA96A/871",
        "survey_area": 65480,
        "calc_area": 65483
      }
    },
    {
      "type": "Feature",
      "id": "layer-50772.4741928",
      "geometry": {
        "type": "MultiPolygon",
        "coordinates": [
          [
            [
              [
                1775786.981911966,
                5883230.186695478
              ],
              [
                1775835.1757030236,
                5883243.48228687
              ],
              [
                1775808.2817157607,
                5883301.364513307
              ],
              [
                1775827.5872893569,
                5883360.758438871
              ],
              [
                1775849.2534732122,
                5883366.431122542
              ],
              [
                1775857.0828568388,
                5883398.367735577
              ],
              [
                1775851.601508164,
                5883405.040739155
              ],
              [
                1775872.8462730602,
                5883447.695481504
              ],
              [
                1775874.0886178815,
                5883468.673147612
              ],
              [
                1775882.2156286356,
                5883485.168534881
              ],
              [
                1775885.9143785317,
                5883500.220939952
              ],
              [
                1775883.108920908,
                5883579.878078459
              ],
              [
                1775918.913081177,
                5883635.8151472015
              ],
              [
                1775926.6387022173,
                5883707.515191881
              ],
              [
                1775936.7462100452,
                5883747.7015882535
              ],
              [
                1775934.8097916993,
                5883767.805893143
              ],
              [
                1775895.972823641,
                5883724.3146751365
              ],
              [
                1775797.7528603033,
                5883454.913107217
              ],
              [
                1775811.4036663924,
                5883408.894585966
              ],
              [
                1775786.981911966,
                5883230.186695478
              ]
            ]
          ]
        ]
      },
      "geometry_name": "shape",
      "properties": {
        "id": 4741928,
        "appellation": "Part Lot B DP 6559",
        "affected_surveys": "DP 6559, SO 59272",
        "parcel_intent": "Road",
        "topology_type": "Primary",
        "statutory_actions": "[Create] Motorway New Zealand Gazette 1985 p 4227",
        "land_district": "North Auckland",
        "titles": null,
        "survey_area": 22935,
        "calc_area": 22996
      }
    },
    {
      "type": "Feature",
      "id": "layer-50772.4697811",
      "geometry": {
        "type": "MultiPolygon",
        "coordinates": [
          [
            [
              [
                1775376.9816056238,
                5883691.342754456
              ],
              [
                1775620.6437389792,
                5883757.55021949
              ],
              [
                1775538.833723361,
                5883810.882920168
              ],
              [
                1775376.9816056238,
                5883691.342754456
              ]
            ]
          ]
        ]
      },
      "geometry_name": "shape",
      "properties": {
        "id": 4697811,
        "appellation": "Lot 3 DP 184681",
        "affected_surveys": "DP 184681",
        "parcel_intent": "DCDB",
        "topology_type": "Primary",
        "statutory_actions": null,
        "land_district": "North Auckland",
        "titles": "NA115D/318",
        "survey_area": 9207,
        "calc_area": 9206
      }
    },
    {
      "type": "Feature",
      "id": "layer-50772.4943298",
      "geometry": {
        "type": "MultiPolygon",
        "coordinates": [
          [
            [
              [
                1776068.467845686,
                5884001.224962381
              ],
              [
                1776087.8762886007,
                5884048.195009937
              ],
              [
                1776134.4393647115,
                5884167.588713029
              ],
              [
                1776151.587308671,
                5884245.3020378705
              ],
              [
                1776167.0877195476,
                5884322.024898093
              ],
              [
                1776177.1738114308,
                5884400.35962288
              ],
              [
                1776161.7722308098,
                5884530.444724482
              ],
              [
                1776142.9022977813,
                5884493.352065123
              ],
              [
                1776119.9963459745,
                5884481.998498977
              ],
              [
                1776084.141606502,
                5884447.991804763
              ],
              [
                1776095.2295744936,
                5884433.786371815
              ],
              [
                1776111.6939504247,
                5884431.288398242
              ],
              [
                1776122.704675198,
                5884419.620952039
              ],
              [
                1776102.6880593705,
                5884405.396662368
              ],
              [
                1776066.9579095126,
                5884394.0282447385
              ],
              [
                1776081.8901550402,
                5884361.469431351
              ],
              [
                1776080.486940758,
                5884347.190487116
              ],
              [
                1776049.642898481,
                5884299.665968609
              ],
              [
                1776013.1695830645,
                5884254.085093849
              ],
              [
                1776001.0565050293,
                5884238.947854984
              ],
              [
                1775965.1303765401,
                5884223.476036147
              ],
              [
                1775847.0937171527,
                5884196.427631984
              ],
              [
                1775786.3583966258,
                5884182.798084493
              ],
              [
                1775790.7065324206,
                5884173.3719087
              ],
              [
                1775801.7315871096,
                5884149.490562178
              ],
              [
                1775819.818475322,
                5884118.174321587
              ],
              [
                1775841.5397424253,
                5884125.40001992
              ],
              [
                1775855.2752881628,
                5884131.627016743
              ],
              [
                1775878.1212805524,
                5884139.820754933
              ],
              [
                1775881.8490695325,
                5884137.4117800305
              ],
              [
                1775892.7793666867,
                5884125.372602857
              ],
              [
                1775922.1821766826,
                5884093.971282459
              ],
              [
                1775933.2877339046,
                5884071.697595014
              ],
              [
                1775855.8232646221,
                5884032.173520413
              ],
              [
                1775890.685041157,
                5883952.579090362
              ],
              [
                1775894.6355754398,
                5883954.385418212
              ],
              [
                1775932.0480556423,
                5883971.404482077
              ],
              [
                1775941.9604897723,
                5883949.570132255
              ],
              [
                1776009.0597269333,
                5883977.183118457
              ],
              [
                1776068.467845686,
                5884001.224962381
              ]
            ]
          ]
        ]
      },
      "geometry_name": "shape",
      "properties": {
        "id": 4943298,
        "appellation": "Lot 6 DP 156089",
        "affected_surveys": "DP 156089, DP 584469",
        "parcel_intent": "DCDB",
        "topology_type": "Primary",
        "statutory_actions": null,
        "land_district": "North Auckland",
        "titles": "NA93B/140",
        "survey_area": 86730,
        "calc_area": 86721
      }
    },
    {
      "type": "Feature",
      "id": "layer-50772.8129151",
      "geometry": {
        "type": "MultiPolygon",
        "coordinates": [
          [
            [
              [
                1775275.7826261676,
                5884089.316390153
              ],
              [
                1775413.2774473093,
                5884128.441873425
              ],
              [
                1775425.0829157114,
                5884291.449249064
              ],
              [
                1775472.100697182,
                5884347.642807485
              ],
              [
                1775486.121342879,
                5884364.487420567
              ],
              [
                1775467.1398713696,
                5884375.350749823
              ],
              [
                1775394.1179157987,
                5884417.152056895
              ],
              [
                1775391.6151902485,
                5884412.786311447
              ],
              [
                1775374.117289328,
                5884382.244127471
              ],
              [
                1775351.4270917613,
                5884395.243566121
              ],
              [
                1775368.9249399325,
                5884425.785794483
              ],
              [
                1775371.4246226822,
                5884430.147902043
              ],
              [
                1775322.1038736678,
                5884458.402574896
              ],
              [
                1775271.658978463,
                5884497.741737492
              ],
              [
                1775260.1821431287,
                5884514.242604331
              ],
              [
                1775189.3212088044,
                5884475.819946632
              ],
              [
                1775186.0188075514,
                5884468.666126385
              ],
              [
                1775161.5179705506,
                5884460.492003589
              ],
              [
                1775144.918899097,
                5884458.874558581
              ],
              [
                1775145.6049212718,
                5884422.192490016
              ],
              [
                1775113.0325862067,
                5884422.770389543
              ],
              [
                1775104.9690426053,
                5884429.922068809
              ],
              [
                1775111.0600581062,
                5884475.9704723265
              ],
              [
                1775110.3939774486,
                5884475.764180156
              ],
              [
                1775105.797024714,
                5884474.342789332
              ],
              [
                1775089.0837366374,
                5884469.157041337
              ],
              [
                1775013.9728920637,
                5884445.86775124
              ],
              [
                1774917.162282931,
                5884415.856250319
              ],
              [
                1774899.3945888004,
                5884410.359046972
              ],
              [
                1774985.0906954336,
                5884045.059856003
              ],
              [
                1774990.5817241152,
                5884047.840978715
              ],
              [
                1775043.5375773667,
                5884108.654880687
              ],
              [
                1775049.4314123867,
                5884115.495827264
              ],
              [
                1775070.616468286,
                5884153.844906813
              ],
              [
                1775082.9161491042,
                5884188.573279253
              ],
              [
                1775109.2743488844,
                5884209.637022703
              ],
              [
                1775105.048633705,
                5884229.74978748
              ],
              [
                1775100.586256572,
                5884236.63968148
              ],
              [
                1775094.1531238158,
                5884240.031453679
              ],
              [
                1775164.6896041406,
                5884268.031018961
              ],
              [
                1775149.9783273477,
                5884248.763773459
              ],
              [
                1775149.664315218,
                5884219.378713967
              ],
              [
                1775160.5119889402,
                5884196.347479274
              ],
              [
                1775275.7826261676,
                5884089.316390153
              ]
            ]
          ]
        ]
      },
      "geometry_name": "shape",
      "properties": {
        "id": 8129151,
        "appellation": "Lot 2 DP 550793",
        "affected_surveys": "DP 550793",
        "parcel_intent": "Fee Simple Title",
        "topology_type": "Primary",
        "statutory_actions": null,
        "land_district": "North Auckland",
        "titles": "950319",
        "survey_area": 158456,
        "calc_area": 158438
      }
    },
    {
      "type": "Feature",
      "id": "layer-50772.6720980",
      "geometry": {
        "type": "MultiPolygon",
        "coordinates": [
          [
            [
              [
                1775430.2330575748,
                5882445.784948748
              ],
              [
                1775433.742017863,
                5882450.586642197
              ],
              [
                1775427.0165597037,
                5882455.927413681
              ],
              [
                1775452.0917109796,
                5882493.30819123
              ],
              [
                1775464.8834925839,
                5882512.402104487
              ],
              [
                1775589.1147898193,
                5882540.784890798
              ],
              [
                1775572.6887256135,
                5882595.926315912
              ],
              [
                1775561.8614092197,
                5882632.246818871
              ],
              [
                1775359.2248604824,
                5882576.38621572
              ],
              [
                1775398.4198311856,
                5882442.298801255
              ],
              [
                1775438.0124181493,
                5882306.833775464
              ],
              [
                1775423.4139552414,
                5882299.2459751
              ],
              [
                1775322.1701725714,
                5882246.645650577
              ],
              [
                1775312.9541303448,
                5882241.8500422565
              ],
              [
                1775358.987479558,
                5882083.846982987
              ],
              [
                1775384.9281339708,
                5881990.265132709
              ],
              [
                1775385.9977029965,
                5881986.4076705845
              ],
              [
                1775520.5026162493,
                5882024.691002746
              ],
              [
                1775575.0618889057,
                5881838.058327557
              ],
              [
                1775580.8197171246,
                5881839.708605427
              ],
              [
                1775522.8965742567,
                5882037.841151606
              ],
              [
                1775399.153314788,
                5882002.6190914
              ],
              [
                1775392.9956734488,
                5882006.072064097
              ],
              [
                1775370.5414427097,
                5882087.128551356
              ],
              [
                1775330.876779478,
                5882223.242322821
              ],
              [
                1775331.9937294754,
                5882232.019728429
              ],
              [
                1775343.8167823155,
                5882241.6672926685
              ],
              [
                1775363.3052291232,
                5882253.151219828
              ],
              [
                1775447.4584668898,
                5882294.692797852
              ],
              [
                1775452.2819444078,
                5882300.71028194
              ],
              [
                1775424.6355078586,
                5882395.349097419
              ],
              [
                1775426.7298190212,
                5882414.220324528
              ],
              [
                1775430.2330575748,
                5882445.784948748
              ]
            ]
          ]
        ]
      },
      "geometry_name": "shape",
      "properties": {
        "id": 6720980,
        "appellation": "Lot 2 DP 340860",
        "affected_surveys": "DP 340860",
        "parcel_intent": "Fee Simple Title",
        "topology_type": "Primary",
        "statutory_actions": null,
        "land_district": "North Auckland",
        "titles": "167980",
        "survey_area": 32256,
        "calc_area": 32249
      }
    },
    {
      "type": "Feature",
      "id": "layer-50772.7087556",
      "geometry": {
        "type": "MultiPolygon",
        "coordinates": [
          [
            [
              [
                1775312.2353089286,
                5882288.737869875
              ],
              [
                1775280.3979459421,
                5882361.614407422
              ],
              [
                1775295.6601192972,
                5882418.163099258
              ],
              [
                1775308.9668581726,
                5882456.446297196
              ],
              [
                1775229.5462174802,
                5882541.072270648
              ],
              [
                1775134.7884827193,
                5882515.265608015
              ],
              [
                1774993.8358284743,
                5882476.878706129
              ],
              [
                1775049.4441877804,
                5882356.208599734
              ],
              [
                1775048.3724343064,
                5882352.077562363
              ],
              [
                1775071.1605982196,
                5882277.701297074
              ],
              [
                1775083.7671257183,
                5882236.550991678
              ],
              [
                1775279.0725503583,
                5882249.371839939
              ],
              [
                1775310.667730473,
                5882249.679009623
              ],
              [
                1775320.2712768328,
                5882254.67375188
              ],
              [
                1775312.2353089286,
                5882288.737869875
              ]
            ]
          ]
        ]
      },
      "geometry_name": "shape",
      "properties": {
        "id": 7087556,
        "appellation": "Lot 2 DP 402404",
        "affected_surveys": "DP 402404, DP 466689",
        "parcel_intent": "Fee Simple Title",
        "topology_type": "Primary",
        "statutory_actions": null,
        "land_district": "North Auckland",
        "titles": "623549",
        "survey_area": 69397,
        "calc_area": 69391
      }
    },
    {
      "type": "Feature",
      "id": "layer-50772.4939073",
      "geometry": {
        "type": "MultiPolygon",
        "coordinates": [
          [
            [
              [
                1775229.5462174802,
                5882541.072270648
              ],
              [
                1775308.9668581726,
                5882456.446297196
              ],
              [
                1775295.6601192972,
                5882418.163099258
              ],
              [
                1775345.6851053177,
                5882390.061485484
              ],
              [
                1775389.7306435779,
                5882350.138489249
              ],
              [
                1775418.9729855312,
                5882305.959935325
              ],
              [
                1775423.4139552414,
                5882299.2459751
              ],
              [
                1775438.0124181493,
                5882306.833775464
              ],
              [
                1775398.4198311856,
                5882442.298801255
              ],
              [
                1775359.2248604824,
                5882576.38621572
              ],
              [
                1775229.5462174802,
                5882541.072270648
              ]
            ]
          ]
        ]
      },
      "geometry_name": "shape",
      "properties": {
        "id": 4939073,
        "appellation": "Lot 5 DP 126264",
        "affected_surveys": "DP 126264",
        "parcel_intent": "DCDB",
        "topology_type": "Primary",
        "statutory_actions": null,
        "land_district": "North Auckland",
        "titles": "NA73C/844",
        "survey_area": 21578,
        "calc_area": 21579
      }
    },
    {
      "type": "Feature",
      "id": "layer-50772.6720979",
      "geometry": {
        "type": "MultiPolygon",
        "coordinates": [
          [
            [
              [
                1775430.2330575748,
                5882445.784948748
              ],
              [
                1775447.6439535334,
                5882438.182530408
              ],
              [
                1775450.4133229342,
                5882436.975878604
              ],
              [
                1775478.0000251401,
                5882432.128579746
              ],
              [
                1775543.6831855706,
                5882437.077687477
              ],
              [
                1775528.0174172707,
                5882491.06167224
              ],
              [
                1775600.266430586,
                5882503.42153729
              ],
              [
                1775589.1147898193,
                5882540.784890798
              ],
              [
                1775464.8834925839,
                5882512.402104487
              ],
              [
                1775452.0917109796,
                5882493.30819123
              ],
              [
                1775427.0165597037,
                5882455.927413681
              ],
              [
                1775433.742017863,
                5882450.586642197
              ],
              [
                1775430.2330575748,
                5882445.784948748
              ]
            ]
          ]
        ]
      },
      "geometry_name": "shape",
      "properties": {
        "id": 6720979,
        "appellation": "Lot 1 DP 340860",
        "affected_surveys": "DP 340860",
        "parcel_intent": "Fee Simple Title",
        "topology_type": "Primary",
        "statutory_actions": null,
        "land_district": "North Auckland",
        "titles": "167979",
        "survey_area": 10003,
        "calc_area": 10003
      }
    },
    {
      "type": "Feature",
      "id": "layer-50772.5029097",
      "geometry": {
        "type": "MultiPolygon",
        "coordinates": [
          [
            [
              [
                1775819.3964729938,
                5882977.637594888
              ],
              [
                1775806.570251901,
                5882995.921480094
              ],
              [
                1775807.6336791448,
                5883034.126892948
              ],
              [
                1775818.7626332727,
                5883060.34635583
              ],
              [
                1775835.1757030236,
                5883243.48228687
              ],
              [
                1775786.981911966,
                5883230.186695478
              ],
              [
                1775757.0237736937,
                5882958.481278178
              ],
              [
                1775756.5326757552,
                5882924.491275826
              ],
              [
                1775830.996558406,
                5882945.807320951
              ],
              [
                1775819.3964729938,
                5882977.637594888
              ]
            ]
          ]
        ]
      },
      "geometry_name": "shape",
      "properties": {
        "id": 5029097,
        "appellation": "Part Lot 1 DP 24979",
        "affected_surveys": "DP 24979, SO 59272",
        "parcel_intent": "Road",
        "topology_type": "Primary",
        "statutory_actions": "[Create] Motorway New Zealand Gazette 1985 p 4226",
        "land_district": "North Auckland",
        "titles": null,
        "survey_area": 15392,
        "calc_area": 15392
      }
    },
    {
      "type": "Feature",
      "id": "layer-50772.4734388",
      "geometry": {
        "type": "MultiPolygon",
        "coordinates": [
          [
            [
              [
                1775225.5876857596,
                5883650.169932737
              ],
              [
                1775073.8896725008,
                5883608.958242193
              ],
              [
                1774875.060671356,
                5883554.933448444
              ],
              [
                1774706.00695442,
                5883509.103156387
              ],
              [
                1774483.4178148457,
                5883448.708356864
              ],
              [
                1774341.3918324648,
                5883410.226690157
              ],
              [
                1774371.8607082954,
                5883093.539112379
              ],
              [
                1774406.1771759687,
                5883104.088888879
              ],
              [
                1774449.2585424054,
                5882994.013899644
              ],
              [
                1774522.8689643866,
                5882881.688323444
              ],
              [
                1774951.0602300174,
                5882999.637966235
              ],
              [
                1775786.981911966,
                5883230.186695478
              ],
              [
                1775811.4036663924,
                5883408.894585966
              ],
              [
                1775797.7528603033,
                5883454.913107217
              ],
              [
                1775895.972823641,
                5883724.3146751365
              ],
              [
                1775934.8097916993,
                5883767.805893143
              ],
              [
                1775919.490393325,
                5883838.744530839
              ],
              [
                1775771.9563404312,
                5883798.660501248
              ],
              [
                1775620.6437389792,
                5883757.55021949
              ],
              [
                1775376.9816056238,
                5883691.342754456
              ],
              [
                1775225.5876857596,
                5883650.169932737
              ]
            ]
          ],
          [
            [
              [
                1775935.1733734072,
                5883616.480663922
              ],
              [
                1775947.1783870445,
                5883612.690479466
              ],
              [
                1775959.0515925125,
                5883622.277062316
              ],
              [
                1775948.0671361662,
                5883644.076531201
              ],
              [
                1775938.1441245824,
                5883628.569693134
              ],
              [
                1775935.1733734072,
                5883616.480663922
              ]
            ]
          ]
        ]
      },
      "geometry_name": "shape",
      "properties": {
        "id": 4734388,
        "appellation": "Part Lot B DP 6559",
        "affected_surveys": "DP 6559",
        "parcel_intent": "Fee Simple Title",
        "topology_type": "Primary",
        "statutory_actions": null,
        "land_district": "North Auckland",
        "titles": "NA91D/882",
        "survey_area": 827760,
        "calc_area": 830004
      }
    },
    {
      "type": "Feature",
      "id": "layer-50772.4810767",
      "geometry": {
        "type": "MultiPolygon",
        "coordinates": [
          [
            [
              [
                1774428.6287852565,
                5882507.798862253
              ],
              [
                1774431.2665429371,
                5882482.753858688
              ],
              [
                1774447.868600238,
                5882323.439489835
              ],
              [
                1774839.682455847,
                5882434.897360674
              ],
              [
                1774993.8358284743,
                5882476.878706129
              ],
              [
                1775134.7884827193,
                5882515.265608015
              ],
              [
                1775229.5462174802,
                5882541.072270648
              ],
              [
                1775359.2248604824,
                5882576.38621572
              ],
              [
                1775561.8614092197,
                5882632.246818871
              ],
              [
                1775776.6824969114,
                5882691.550020868
              ],
              [
                1775755.1153527373,
                5882826.690111534
              ],
              [
                1775756.5326757552,
                5882924.491275826
              ],
              [
                1775757.0237736937,
                5882958.481278178
              ],
              [
                1775786.981911966,
                5883230.186695478
              ],
              [
                1774951.0602300174,
                5882999.637966235
              ],
              [
                1774951.613629117,
                5882997.706113082
              ],
              [
                1774999.2915147995,
                5882831.165139259
              ],
              [
                1775031.9569733804,
                5882717.062999391
              ],
              [
                1774424.9037149732,
                5882543.437530954
              ],
              [
                1774428.6287852565,
                5882507.798862253
              ]
            ]
          ]
        ]
      },
      "geometry_name": "shape",
      "properties": {
        "id": 4810767,
        "appellation": "Allot 385 PSH OF Mangatawhiri",
        "affected_surveys": "SO 59843",
        "parcel_intent": "DCDB",
        "topology_type": "Primary",
        "statutory_actions": null,
        "land_district": "North Auckland",
        "titles": "NA87A/253",
        "survey_area": 541331,
        "calc_area": 541152
      }
    },
    {
      "type": "Feature",
      "id": "layer-50772.6690003",
      "geometry": {
        "type": "MultiPolygon",
        "coordinates": [
          [
            [
              [
                1775830.996558406,
                5882945.807320951
              ],
              [
                1775756.5326757552,
                5882924.491275826
              ],
              [
                1775755.1153527373,
                5882826.690111534
              ],
              [
                1775776.6824969114,
                5882691.550020868
              ],
              [
                1775805.6054186905,
                5882699.537195443
              ],
              [
                1775829.6752547137,
                5882706.27148444
              ],
              [
                1775830.2456505997,
                5882760.678898527
              ],
              [
                1775828.8123955883,
                5882772.6269093575
              ],
              [
                1775823.0366263434,
                5882834.310026689
              ],
              [
                1775816.922503049,
                5882881.580885255
              ],
              [
                1775834.6442743712,
                5882886.270351567
              ],
              [
                1775837.0834878813,
                5882929.101757777
              ],
              [
                1775830.996558406,
                5882945.807320951
              ]
            ]
          ]
        ]
      },
      "geometry_name": "shape",
      "properties": {
        "id": 6690003,
        "appellation": "Part Lot 2 DP 22108",
        "affected_surveys": "SO 335411",
        "parcel_intent": "Road",
        "topology_type": "Primary",
        "statutory_actions": "[Create] Motorway [Auckland - Hamilton Motorway] Section 107(7), Public Works Act 1981 NZ Gazette 1985 p 4226 (GN B471531.2)",
        "land_district": "North Auckland",
        "titles": null,
        "survey_area": 15862,
        "calc_area": 15862
      }
    },
    {
      "type": "Feature",
      "id": "layer-50772.6690005",
      "geometry": {
        "type": "MultiPolygon",
        "coordinates": [
          [
            [
              [
                1775776.6824969114,
                5882691.550020868
              ],
              [
                1775786.149010786,
                5882506.798215824
              ],
              [
                1775826.487107142,
                5882453.99626259
              ],
              [
                1775831.4837223794,
                5882456.454127439
              ],
              [
                1775839.0599719072,
                5882460.171604383
              ],
              [
                1775875.6613820978,
                5882423.851941171
              ],
              [
                1775873.1728823995,
                5882435.58522519
              ],
              [
                1775878.898485953,
                5882436.592178881
              ],
              [
                1775880.47201127,
                5882476.3058688445
              ],
              [
                1775865.0180434645,
                5882472.011284045
              ],
              [
                1775857.3437686395,
                5882503.391427384
              ],
              [
                1775857.3843830363,
                5882512.413292775
              ],
              [
                1775851.003300228,
                5882524.942081441
              ],
              [
                1775805.6054186905,
                5882699.537195443
              ],
              [
                1775776.6824969114,
                5882691.550020868
              ]
            ]
          ]
        ]
      },
      "geometry_name": "shape",
      "properties": {
        "id": 6690005,
        "appellation": "Part Lot 1 SO 43277",
        "affected_surveys": "SO 335411",
        "parcel_intent": "Road",
        "topology_type": "Primary",
        "statutory_actions": "[Create] Motorway [Auckland - Hamilton Motorway] Section 107(7), Public Works Act 1981 NZ Gazette 2003 p 4485 (GN 5820990.1)",
        "land_district": "North Auckland",
        "titles": null,
        "survey_area": 12219,
        "calc_area": 13150
      }
    },
    {
      "type": "Feature",
      "id": "layer-50772.4697277",
      "geometry": {
        "type": "MultiPolygon",
        "coordinates": [
          [
            [
              [
                1775786.149010786,
                5882506.798215824
              ],
              [
                1775776.6824969114,
                5882691.550020868
              ],
              [
                1775561.8614092197,
                5882632.246818871
              ],
              [
                1775572.6887256135,
                5882595.926315912
              ],
              [
                1775589.1147898193,
                5882540.784890798
              ],
              [
                1775600.266430586,
                5882503.42153729
              ],
              [
                1775604.8414683607,
                5882488.100098292
              ],
              [
                1775635.031788448,
                5882382.31457277
              ],
              [
                1775660.7826346387,
                5882381.921080625
              ],
              [
                1775684.7110883603,
                5882400.147512143
              ],
              [
                1775702.3717725906,
                5882381.276201466
              ],
              [
                1775738.5982160196,
                5882410.873147502
              ],
              [
                1775826.487107142,
                5882453.99626259
              ],
              [
                1775786.149010786,
                5882506.798215824
              ]
            ]
          ]
        ]
      },
      "geometry_name": "shape",
      "properties": {
        "id": 4697277,
        "appellation": "Part Lot 1 DP 43277",
        "affected_surveys": "DP 43277, SO 59273",
        "parcel_intent": "DCDB",
        "topology_type": "Primary",
        "statutory_actions": null,
        "land_district": "North Auckland",
        "titles": "133285",
        "survey_area": 51573,
        "calc_area": 51574
      }
    },
    {
      "type": "Feature",
      "id": "layer-50772.4697127",
      "geometry": {
        "type": "MultiPolygon",
        "coordinates": [
          [
            [
              [
                1774522.8689643866,
                5882881.688323444
              ],
              [
                1774396.7362464601,
                5882846.989095881
              ],
              [
                1774395.6478908453,
                5882846.684204119
              ],
              [
                1774397.6625037503,
                5882826.410452043
              ],
              [
                1774424.9037149732,
                5882543.437530954
              ],
              [
                1775031.9569733804,
                5882717.062999391
              ],
              [
                1774999.2915147995,
                5882831.165139259
              ],
              [
                1774951.613629117,
                5882997.706113082
              ],
              [
                1774951.0602300174,
                5882999.637966235
              ],
              [
                1774522.8689643866,
                5882881.688323444
              ]
            ]
          ]
        ]
      },
      "geometry_name": "shape",
      "properties": {
        "id": 4697127,
        "appellation": "Lot 4 DP 13519",
        "affected_surveys": "DP 13519",
        "parcel_intent": "DCDB",
        "topology_type": "Primary",
        "statutory_actions": null,
        "land_district": "North Auckland",
        "titles": "NA91D/882",
        "survey_area": 179225,
        "calc_area": 179226
      }
    }
  ],
  "totalFeatures": "unknown",
  "numberReturned": 45,
  "timeStamp": "2026-09-12T18:14:51.388Z",
  "crs": {
    "type": "name",
    "properties": {
      "name": "urn:ogc:def:crs:EPSG::2193"
    }
  }
}